product,price,rating,review_title
"Samsung Galaxy M01 (Blue, 3GB RAM, 32GB Storage) with No Cost EMI/Additional Exchange Offers","₹ 7,999.00",1.0 out of 5 stars,Very chipper quality
"Samsung Galaxy M21 (Midnight Blue, 4GB RAM, 64GB Storage)","₹ 12,499.00",4.0 out of 5 stars,Value For Money !! Go for it
"Samsung Galaxy M21 (Raven Black, 4GB RAM, 64GB Storage)","₹ 12,499.00",4.0 out of 5 stars,Value For Money !! Go for it
"Samsung Galaxy M21 (Raven Black, 6GB RAM, 128GB Storage)","₹ 14,999.00",4.0 out of 5 stars,Value For Money !! Go for it
"Nokia 5.3 Android One Smartphone with Quad Camera, 4 GB RAM and 64 GB Storage - Charcoal","₹ 12,499.00",3.0 out of 5 stars,Overall
"Samsung Galaxy M21 (Iceberg Blue, 4GB RAM, 64GB Storage)",,4.0 out of 5 stars,Value For Money !! Go for it
"Samsung Galaxy M01 (Blue, 3GB RAM, 32GB Storage) with No Cost EMI/Additional Exchange Offers","₹ 7,999.00",5.0 out of 5 stars,Most practical phone in this price...less radiation..Handy...
"Samsung Galaxy M01 (Blue, 3GB RAM, 32GB Storage) with No Cost EMI/Additional Exchange Offers","₹ 7,999.00",4.0 out of 5 stars,Like this phone
"Samsung Galaxy M21 (Midnight Blue, 4GB RAM, 64GB Storage)","₹ 12,499.00",5.0 out of 5 stars,❤️❤️❤️❤️
"Samsung Galaxy M21 (Raven Black, 4GB RAM, 64GB Storage)","₹ 12,499.00",5.0 out of 5 stars,❤️❤️❤️❤️
"Samsung Galaxy M21 (Raven Black, 4GB RAM, 64GB Storage)","₹ 12,499.00",5.0 out of 5 stars,Best Budget Phone In India
"Samsung Galaxy M21 (Raven Black, 4GB RAM, 64GB Storage)","₹ 12,499.00",1.0 out of 5 stars,Feeling cheated
"Samsung Galaxy M21 (Raven Black, 6GB RAM, 128GB Storage)","₹ 14,999.00",5.0 out of 5 stars,❤️❤️❤️❤️
"Samsung Galaxy M21 (Raven Black, 6GB RAM, 128GB Storage)","₹ 14,999.00",5.0 out of 5 stars,Best Budget Phone In India
"Nokia 5.3 Android One Smartphone with Quad Camera, 4 GB RAM and 64 GB Storage - Charcoal","₹ 12,499.00",5.0 out of 5 stars,Awesome build quality - Android One!
"Nokia 5.3 Android One Smartphone with Quad Camera, 4 GB RAM and 64 GB Storage - Charcoal","₹ 12,499.00",5.0 out of 5 stars,Nokia mania.......
"Nokia 5.3 Android One Smartphone with Quad Camera, 4 GB RAM and 64 GB Storage - Charcoal","₹ 12,499.00",5.0 out of 5 stars,"Beautiful phone, full review"
"Nokia 5.3 Android One Smartphone with Quad Camera, 4 GB RAM and 64 GB Storage - Charcoal","₹ 12,499.00",5.0 out of 5 stars,Nokia 5.3 - Android One
"Samsung Galaxy M21 (Iceberg Blue, 4GB RAM, 64GB Storage)",,5.0 out of 5 stars,❤️❤️❤️❤️
"Samsung Galaxy M01 (Blue, 3GB RAM, 32GB Storage) with No Cost EMI/Additional Exchange Offers","₹ 7,999.00",4.0 out of 5 stars,Perfect Size.
"Samsung Galaxy M01 (Blue, 3GB RAM, 32GB Storage) with No Cost EMI/Additional Exchange Offers","₹ 7,999.00",4.0 out of 5 stars,Good for average use and good option in no Chinese mobile
"Samsung Galaxy M21 (Midnight Blue, 4GB RAM, 64GB Storage)","₹ 12,499.00",5.0 out of 5 stars,Best Budget Phone In India
"Samsung Galaxy M21 (Midnight Blue, 4GB RAM, 64GB Storage)","₹ 12,499.00",1.0 out of 5 stars,Feeling cheated
"Samsung Galaxy M21 (Raven Black, 4GB RAM, 64GB Storage)","₹ 12,499.00",3.0 out of 5 stars,Battery life is not upto mark
"Samsung Galaxy M21 (Raven Black, 4GB RAM, 64GB Storage)","₹ 12,499.00",1.0 out of 5 stars,Worst product at 15000 Rs. Price
"Samsung Galaxy M21 (Raven Black, 6GB RAM, 128GB Storage)","₹ 14,999.00",1.0 out of 5 stars,Feeling cheated
"Samsung Galaxy M21 (Raven Black, 6GB RAM, 128GB Storage)","₹ 14,999.00",3.0 out of 5 stars,Battery life is not upto mark
"Samsung Galaxy M21 (Raven Black, 6GB RAM, 128GB Storage)","₹ 14,999.00",1.0 out of 5 stars,Worst product at 15000 Rs. Price
"Nokia 5.3 Android One Smartphone with Quad Camera, 4 GB RAM and 64 GB Storage - Charcoal","₹ 12,499.00",5.0 out of 5 stars,Nokia 🖤
"Samsung Galaxy M21 (Iceberg Blue, 4GB RAM, 64GB Storage)",,5.0 out of 5 stars,Best Budget Phone In India
"Samsung Galaxy M21 (Iceberg Blue, 4GB RAM, 64GB Storage)",,1.0 out of 5 stars,Feeling cheated
"Samsung Galaxy M21 (Iceberg Blue, 4GB RAM, 64GB Storage)",,3.0 out of 5 stars,Battery life is not upto mark
"Samsung Galaxy M01 (Blue, 3GB RAM, 32GB Storage) with No Cost EMI/Additional Exchange Offers","₹ 7,999.00",5.0 out of 5 stars,Best smart phone normal usage
"Samsung Galaxy M01 (Blue, 3GB RAM, 32GB Storage) with No Cost EMI/Additional Exchange Offers","₹ 7,999.00",4.0 out of 5 stars,Good Phone at 9k
"Samsung Galaxy M01 (Blue, 3GB RAM, 32GB Storage) with No Cost EMI/Additional Exchange Offers","₹ 7,999.00",1.0 out of 5 stars,Waste of money
"Samsung Galaxy M21 (Midnight Blue, 4GB RAM, 64GB Storage)","₹ 12,499.00",3.0 out of 5 stars,Battery life is not upto mark
"Samsung Galaxy M21 (Midnight Blue, 4GB RAM, 64GB Storage)","₹ 12,499.00",1.0 out of 5 stars,Worst product at 15000 Rs. Price
"Samsung Galaxy M21 (Raven Black, 4GB RAM, 64GB Storage)","₹ 12,499.00",5.0 out of 5 stars,Worth it (Non gamer review)
"Samsung Galaxy M21 (Raven Black, 6GB RAM, 128GB Storage)","₹ 14,999.00",5.0 out of 5 stars,Worth it (Non gamer review)
"Samsung Galaxy M21 (Raven Black, 6GB RAM, 128GB Storage)","₹ 14,999.00",5.0 out of 5 stars,Very Nice
"Samsung Galaxy M21 (Raven Black, 6GB RAM, 128GB Storage)","₹ 14,999.00",2.0 out of 5 stars,नाम बड़े और दर्शन छोटे ...
"Samsung Galaxy M21 (Midnight Blue, 6GB RAM, 128GB Storage)","₹ 14,999.00",4.0 out of 5 stars,Value For Money !! Go for it
"Nokia 5.3 Android One Smartphone with Quad Camera, 4 GB RAM and 64 GB Storage - Charcoal","₹ 12,499.00",5.0 out of 5 stars,Beautiful Nokia design
"Nokia 5.3 Android One Smartphone with Quad Camera, 4 GB RAM and 64 GB Storage - Charcoal","₹ 12,499.00",4.0 out of 5 stars,Nokia 5.3 - A 1080p display would've made it more likeable.
"Samsung Galaxy M21 (Iceberg Blue, 4GB RAM, 64GB Storage)",,1.0 out of 5 stars,Worst product at 15000 Rs. Price
"Samsung Galaxy M21 (Iceberg Blue, 4GB RAM, 64GB Storage)",,5.0 out of 5 stars,Worth it (Non gamer review)
"Samsung Galaxy M31 (Ocean Blue, 6GB RAM, 128GB Storage) - Get Rs 1,000 Amazon Pay cashback on prepaid orders. Limited Period offer","₹ 16,499.00",5.0 out of 5 stars,Best Value for Money in this Range. Go for it without any doubt.
"Samsung Galaxy M01 (Blue, 3GB RAM, 32GB Storage) with No Cost EMI/Additional Exchange Offers","₹ 7,999.00",5.0 out of 5 stars,Brand is Brand
"Samsung Galaxy M01 (Blue, 3GB RAM, 32GB Storage) with No Cost EMI/Additional Exchange Offers","₹ 7,999.00",1.0 out of 5 stars,Cheated by Amazon
"Samsung Galaxy M21 (Midnight Blue, 4GB RAM, 64GB Storage)","₹ 12,499.00",5.0 out of 5 stars,Worth it (Non gamer review)
"Samsung Galaxy M21 (Midnight Blue, 4GB RAM, 64GB Storage)","₹ 12,499.00",5.0 out of 5 stars,Very Nice
"Samsung Galaxy M21 (Raven Black, 4GB RAM, 64GB Storage)","₹ 12,499.00",5.0 out of 5 stars,Very Nice
"Samsung Galaxy M21 (Raven Black, 4GB RAM, 64GB Storage)","₹ 12,499.00",2.0 out of 5 stars,नाम बड़े और दर्शन छोटे ...
"Samsung Galaxy M21 (Raven Black, 6GB RAM, 128GB Storage)","₹ 14,999.00",1.0 out of 5 stars,Heating issue
"Samsung Galaxy M21 (Midnight Blue, 6GB RAM, 128GB Storage)","₹ 14,999.00",5.0 out of 5 stars,❤️❤️❤️❤️
"Samsung Galaxy M21 (Midnight Blue, 6GB RAM, 128GB Storage)","₹ 14,999.00",5.0 out of 5 stars,Best Budget Phone In India
"Nokia 5.3 Android One Smartphone with Quad Camera, 4 GB RAM and 64 GB Storage - Charcoal","₹ 12,499.00",5.0 out of 5 stars,Name stands for its quality
"Nokia 5.3 Android One Smartphone with Quad Camera, 4 GB RAM and 64 GB Storage - Charcoal","₹ 12,499.00",4.0 out of 5 stars,Should've given a 1080p display
"Samsung Galaxy M21 (Iceberg Blue, 4GB RAM, 64GB Storage)",,5.0 out of 5 stars,Very Nice
"Samsung Galaxy M31 (Ocean Blue, 6GB RAM, 128GB Storage) - Get Rs 1,000 Amazon Pay cashback on prepaid orders. Limited Period offer","₹ 16,499.00",5.0 out of 5 stars,Samsung m31 all rounder  best mobile.
"Samsung Galaxy M31 (Ocean Blue, 6GB RAM, 128GB Storage) - Get Rs 1,000 Amazon Pay cashback on prepaid orders. Limited Period offer","₹ 16,499.00",1.0 out of 5 stars,Poor camera
"Samsung Galaxy M21 (Midnight Blue, 4GB RAM, 64GB Storage)","₹ 12,499.00",2.0 out of 5 stars,नाम बड़े और दर्शन छोटे ...
"Samsung Galaxy M21 (Midnight Blue, 4GB RAM, 64GB Storage)","₹ 12,499.00",1.0 out of 5 stars,Heating issue
"Samsung Galaxy M21 (Raven Black, 4GB RAM, 64GB Storage)","₹ 12,499.00",1.0 out of 5 stars,Heating issue
"Samsung Galaxy M21 (Midnight Blue, 6GB RAM, 128GB Storage)","₹ 14,999.00",1.0 out of 5 stars,Feeling cheated
"Samsung Galaxy M21 (Midnight Blue, 6GB RAM, 128GB Storage)","₹ 14,999.00",3.0 out of 5 stars,Battery life is not upto mark
"Samsung Galaxy M21 (Iceberg Blue, 4GB RAM, 64GB Storage)",,2.0 out of 5 stars,नाम बड़े और दर्शन छोटे ...
"Samsung Galaxy M21 (Iceberg Blue, 4GB RAM, 64GB Storage)",,1.0 out of 5 stars,Heating issue
"Samsung Galaxy M31 (Ocean Blue, 6GB RAM, 128GB Storage) - Get Rs 1,000 Amazon Pay cashback on prepaid orders. Limited Period offer","₹ 16,499.00",1.0 out of 5 stars,"False ads, poor camera quality, inefficient battery management"
"Samsung Galaxy M31 (Ocean Blue, 6GB RAM, 128GB Storage) - Get Rs 1,000 Amazon Pay cashback on prepaid orders. Limited Period offer","₹ 16,499.00",1.0 out of 5 stars,Inferior quality and built
"Samsung Galaxy M31 (Ocean Blue, 6GB RAM, 128GB Storage) - Get Rs 1,000 Amazon Pay cashback on prepaid orders. Limited Period offer","₹ 16,499.00",1.0 out of 5 stars,Serious Issue
"Samsung Galaxy M21 (Midnight Blue, 6GB RAM, 128GB Storage)","₹ 14,999.00",1.0 out of 5 stars,Worst product at 15000 Rs. Price
"Samsung Galaxy M21 (Midnight Blue, 6GB RAM, 128GB Storage)","₹ 14,999.00",5.0 out of 5 stars,Worth it (Non gamer review)
"Samsung Galaxy M21 (Midnight Blue, 6GB RAM, 128GB Storage)","₹ 14,999.00",5.0 out of 5 stars,Very Nice
"Samsung Galaxy M31 (Ocean Blue, 6GB RAM, 128GB Storage) - Get Rs 1,000 Amazon Pay cashback on prepaid orders. Limited Period offer","₹ 16,499.00",1.0 out of 5 stars,Not good at alll
"Samsung Galaxy M31 (Ocean Blue, 6GB RAM, 128GB Storage) - Get Rs 1,000 Amazon Pay cashback on prepaid orders. Limited Period offer","₹ 16,499.00",2.0 out of 5 stars,Samsung it's not fair .
"Samsung Galaxy M21 (Midnight Blue, 6GB RAM, 128GB Storage)","₹ 14,999.00",2.0 out of 5 stars,नाम बड़े और दर्शन छोटे ...
"Samsung Galaxy M31 (Ocean Blue, 6GB RAM, 128GB Storage) - Get Rs 1,000 Amazon Pay cashback on prepaid orders. Limited Period offer","₹ 16,499.00",1.0 out of 5 stars,Worst phone
"Samsung Galaxy M21 (Midnight Blue, 6GB RAM, 128GB Storage)","₹ 14,999.00",1.0 out of 5 stars,Heating issue
"Samsung Galaxy M31 (Ocean Blue, 6GB RAM, 128GB Storage) - Get Rs 1,000 Amazon Pay cashback on prepaid orders. Limited Period offer","₹ 16,499.00",3.0 out of 5 stars,Bad Product by Samsung
"Samsung Galaxy M31 (Ocean Blue, 6GB RAM, 64GB Storage) - Get Rs 1,000 Amazon Pay cashback on prepaid orders. Limited Period offer","₹ 15,499.00",5.0 out of 5 stars,Best Value for Money in this Range. Go for it without any doubt.
"Samsung Galaxy M01 Core (Blue, 2GB RAM, 32GB Storage) with No Cost EMI/Additional Exchange Offers","₹ 5,999.00",4.0 out of 5 stars,#samsunghitsbullseye
"Samsung Galaxy M31 (Ocean Blue, 6GB RAM, 64GB Storage) - Get Rs 1,000 Amazon Pay cashback on prepaid orders. Limited Period offer","₹ 15,499.00",5.0 out of 5 stars,Samsung m31 all rounder  best mobile.
"Samsung Galaxy M01 Core (Blue, 2GB RAM, 32GB Storage) with No Cost EMI/Additional Exchange Offers","₹ 5,999.00",5.0 out of 5 stars,Best smartphone at ₹5500
"Samsung Galaxy M01 Core (Blue, 2GB RAM, 32GB Storage) with No Cost EMI/Additional Exchange Offers","₹ 5,999.00",5.0 out of 5 stars,sell more this product
"Samsung Galaxy M01 Core (Blue, 2GB RAM, 32GB Storage) with No Cost EMI/Additional Exchange Offers","₹ 5,999.00",1.0 out of 5 stars,Don't buy this phone
"Samsung Galaxy M31 (Ocean Blue, 6GB RAM, 64GB Storage) - Get Rs 1,000 Amazon Pay cashback on prepaid orders. Limited Period offer","₹ 15,499.00",1.0 out of 5 stars,Poor camera
"Samsung Galaxy M01 Core (Blue, 2GB RAM, 32GB Storage) with No Cost EMI/Additional Exchange Offers","₹ 5,999.00",1.0 out of 5 stars,Phone went dead within 10 minutes of delivery
"Samsung Galaxy M01 Core (Blue, 2GB RAM, 32GB Storage) with No Cost EMI/Additional Exchange Offers","₹ 5,999.00",4.0 out of 5 stars,Very good smart phone
"Samsung Galaxy M01 Core (Blue, 2GB RAM, 32GB Storage) with No Cost EMI/Additional Exchange Offers","₹ 5,999.00",1.0 out of 5 stars,Go for any phone but not this if u don't want to regret wasting ur money
"Samsung Galaxy M31 (Ocean Blue, 6GB RAM, 64GB Storage) - Get Rs 1,000 Amazon Pay cashback on prepaid orders. Limited Period offer","₹ 15,499.00",1.0 out of 5 stars,"False ads, poor camera quality, inefficient battery management"
"Samsung Galaxy M31 (Ocean Blue, 6GB RAM, 64GB Storage) - Get Rs 1,000 Amazon Pay cashback on prepaid orders. Limited Period offer","₹ 15,499.00",1.0 out of 5 stars,Inferior quality and built
"Samsung Galaxy M31 (Ocean Blue, 6GB RAM, 64GB Storage) - Get Rs 1,000 Amazon Pay cashback on prepaid orders. Limited Period offer","₹ 15,499.00",1.0 out of 5 stars,Serious Issue
"Samsung Galaxy M31 (Ocean Blue, 6GB RAM, 64GB Storage) - Get Rs 1,000 Amazon Pay cashback on prepaid orders. Limited Period offer","₹ 15,499.00",1.0 out of 5 stars,Not good at alll
"Samsung Galaxy M01 Core (Blue, 2GB RAM, 32GB Storage) with No Cost EMI/Additional Exchange Offers","₹ 5,999.00",3.0 out of 5 stars,Don't expect much.....
"Samsung Galaxy M01 Core (Blue, 2GB RAM, 32GB Storage) with No Cost EMI/Additional Exchange Offers","₹ 5,999.00",5.0 out of 5 stars,"Samsung Galaxy M01 Core (Blue, 2GB RAM, 32GB)-A Cute Phone with Latest Android 10 and Crisp Display"
"Samsung Galaxy M31 (Ocean Blue, 6GB RAM, 64GB Storage) - Get Rs 1,000 Amazon Pay cashback on prepaid orders. Limited Period offer","₹ 15,499.00",2.0 out of 5 stars,Samsung it's not fair .
"Samsung Galaxy M01 Core (Blue, 2GB RAM, 32GB Storage) with No Cost EMI/Additional Exchange Offers","₹ 5,999.00",5.0 out of 5 stars,5 Star Phone In this Price of 6499 .
"Samsung Galaxy M11 (Metallic Blue, 3GB RAM, 32GB Storage) with No Cost EMI/Additional Exchange Offers","₹ 9,999.00",3.0 out of 5 stars,Just OK
"Samsung Galaxy M01 (Black, 3GB RAM, 32GB Storage) with No Cost EMI/Additional Exchange Offers","₹ 7,999.00",1.0 out of 5 stars,Very chipper quality
"Samsung Galaxy M31 (Ocean Blue, 6GB RAM, 64GB Storage) - Get Rs 1,000 Amazon Pay cashback on prepaid orders. Limited Period offer","₹ 15,499.00",1.0 out of 5 stars,Worst phone
"Samsung Galaxy M31 (Ocean Blue, 6GB RAM, 64GB Storage) - Get Rs 1,000 Amazon Pay cashback on prepaid orders. Limited Period offer","₹ 15,499.00",3.0 out of 5 stars,Bad Product by Samsung
"Samsung Galaxy M11 (Metallic Blue, 3GB RAM, 32GB Storage) with No Cost EMI/Additional Exchange Offers","₹ 9,999.00",1.0 out of 5 stars,Not up to the mark
"Samsung Galaxy M01 (Black, 3GB RAM, 32GB Storage) with No Cost EMI/Additional Exchange Offers","₹ 7,999.00",5.0 out of 5 stars,Most practical phone in this price...less radiation..Handy...
"Samsung Galaxy M01 (Black, 3GB RAM, 32GB Storage) with No Cost EMI/Additional Exchange Offers","₹ 7,999.00",4.0 out of 5 stars,Like this phone
"Samsung Galaxy M01 (Black, 3GB RAM, 32GB Storage) with No Cost EMI/Additional Exchange Offers","₹ 7,999.00",4.0 out of 5 stars,Perfect Size.
"Samsung Galaxy M31 (Space Black, 6GB RAM, 128GB Storage) - Get Rs 1,000 Amazon Pay cashback on prepaid orders. Limited Period offer","₹ 16,499.00",5.0 out of 5 stars,Best Value for Money in this Range. Go for it without any doubt.
"(Renewed) Samsung Galaxy M21 (Midnight Blue, 6GB RAM, 128GB Storage)",,1.0 out of 5 stars,Waste money
"Samsung Galaxy M11 (Metallic Blue, 3GB RAM, 32GB Storage) with No Cost EMI/Additional Exchange Offers","₹ 9,999.00",5.0 out of 5 stars,Innovation and Creativity.
"Samsung Galaxy M11 (Metallic Blue, 3GB RAM, 32GB Storage) with No Cost EMI/Additional Exchange Offers","₹ 9,999.00",5.0 out of 5 stars,A gorgeous non-Chiniese phone.
"Samsung Galaxy M11 (Metallic Blue, 3GB RAM, 32GB Storage) with No Cost EMI/Additional Exchange Offers","₹ 9,999.00",5.0 out of 5 stars,Galaxy m series is superrr
"Samsung Galaxy M01 (Black, 3GB RAM, 32GB Storage) with No Cost EMI/Additional Exchange Offers","₹ 7,999.00",4.0 out of 5 stars,Good for average use and good option in no Chinese mobile
"Samsung Galaxy M01 (Black, 3GB RAM, 32GB Storage) with No Cost EMI/Additional Exchange Offers","₹ 7,999.00",5.0 out of 5 stars,Best smart phone normal usage
"Samsung Galaxy M01 (Black, 3GB RAM, 32GB Storage) with No Cost EMI/Additional Exchange Offers","₹ 7,999.00",4.0 out of 5 stars,Good Phone at 9k
"Samsung Galaxy M31 (Space Black, 6GB RAM, 128GB Storage) - Get Rs 1,000 Amazon Pay cashback on prepaid orders. Limited Period offer","₹ 16,499.00",5.0 out of 5 stars,Samsung m31 all rounder  best mobile.
"Samsung Galaxy M31 (Space Black, 6GB RAM, 128GB Storage) - Get Rs 1,000 Amazon Pay cashback on prepaid orders. Limited Period offer","₹ 16,499.00",1.0 out of 5 stars,Poor camera
"Samsung Galaxy M31 (Space Black, 6GB RAM, 128GB Storage) - Get Rs 1,000 Amazon Pay cashback on prepaid orders. Limited Period offer","₹ 16,499.00",1.0 out of 5 stars,"False ads, poor camera quality, inefficient battery management"
"(Renewed) Samsung Galaxy M21 (Midnight Blue, 6GB RAM, 128GB Storage)",,1.0 out of 5 stars,Please
"Samsung Galaxy M31 (Space Black, 6GB RAM, 64GB Storage) - Get Rs 1,000 Amazon Pay cashback on prepaid orders. Limited Period offer","₹ 15,499.00",5.0 out of 5 stars,Best Value for Money in this Range. Go for it without any doubt.
"Samsung Galaxy M11 (Black, 4GB RAM, 64GB Storage) with No Cost EMI/Additional Exchange Offers","₹ 11,499.00",3.0 out of 5 stars,Just OK
"Samsung Galaxy M11 (Metallic Blue, 3GB RAM, 32GB Storage) with No Cost EMI/Additional Exchange Offers","₹ 9,999.00",4.0 out of 5 stars,2.5 star out of 5
"Samsung Galaxy M11 (Metallic Blue, 3GB RAM, 32GB Storage) with No Cost EMI/Additional Exchange Offers","₹ 9,999.00",1.0 out of 5 stars,WARNING !!!
"Samsung Galaxy M11 (Metallic Blue, 3GB RAM, 32GB Storage) with No Cost EMI/Additional Exchange Offers","₹ 9,999.00",5.0 out of 5 stars,First impression is awesome. Worth of amount money paid. Best in mid range budget
"Samsung Galaxy M01 (Black, 3GB RAM, 32GB Storage) with No Cost EMI/Additional Exchange Offers","₹ 7,999.00",1.0 out of 5 stars,Waste of money
"Samsung Galaxy M01 (Black, 3GB RAM, 32GB Storage) with No Cost EMI/Additional Exchange Offers","₹ 7,999.00",5.0 out of 5 stars,Brand is Brand
"Samsung Galaxy M31 (Space Black, 6GB RAM, 128GB Storage) - Get Rs 1,000 Amazon Pay cashback on prepaid orders. Limited Period offer","₹ 16,499.00",1.0 out of 5 stars,Inferior quality and built
"Samsung Galaxy M31 (Space Black, 6GB RAM, 128GB Storage) - Get Rs 1,000 Amazon Pay cashback on prepaid orders. Limited Period offer","₹ 16,499.00",1.0 out of 5 stars,Serious Issue
"Samsung Galaxy M31 (Space Black, 6GB RAM, 128GB Storage) - Get Rs 1,000 Amazon Pay cashback on prepaid orders. Limited Period offer","₹ 16,499.00",1.0 out of 5 stars,Not good at alll
"(Renewed) Samsung Galaxy M21 (Midnight Blue, 6GB RAM, 128GB Storage)",,1.0 out of 5 stars,Renewed expensive than brand new
"(Renewed) Samsung Galaxy M21 (Midnight Blue, 6GB RAM, 128GB Storage)",,5.0 out of 5 stars,Almost a new mobile phone
"(Renewed) Samsung Galaxy M21 (Midnight Blue, 6GB RAM, 128GB Storage)",,3.0 out of 5 stars,Average mobile
"(Renewed) Samsung Galaxy M21 (Midnight Blue, 6GB RAM, 128GB Storage)",,1.0 out of 5 stars,Bad मनर्स bad delivery
"Samsung Galaxy M31 (Space Black, 6GB RAM, 64GB Storage) - Get Rs 1,000 Amazon Pay cashback on prepaid orders. Limited Period offer","₹ 15,499.00",5.0 out of 5 stars,Samsung m31 all rounder  best mobile.
"Samsung Galaxy M31 (Space Black, 6GB RAM, 64GB Storage) - Get Rs 1,000 Amazon Pay cashback on prepaid orders. Limited Period offer","₹ 15,499.00",1.0 out of 5 stars,Poor camera
"Samsung Galaxy M11 (Metallic Blue, 3GB RAM, 32GB Storage) with No Cost EMI/Additional Exchange Offers","₹ 9,999.00",5.0 out of 5 stars,All over phone is good after all can buy
"Samsung Galaxy M11 (Metallic Blue, 3GB RAM, 32GB Storage) with No Cost EMI/Additional Exchange Offers","₹ 9,999.00",1.0 out of 5 stars,Not satisfied with this cost this product is hang many time
"Samsung Galaxy M11 (Black, 4GB RAM, 64GB Storage) with No Cost EMI/Additional Exchange Offers","₹ 11,499.00",1.0 out of 5 stars,Not up to the mark
"Samsung Galaxy M11 (Black, 4GB RAM, 64GB Storage) with No Cost EMI/Additional Exchange Offers","₹ 11,499.00",5.0 out of 5 stars,Innovation and Creativity.
"Samsung Galaxy M11 (Black, 4GB RAM, 64GB Storage) with No Cost EMI/Additional Exchange Offers","₹ 11,499.00",5.0 out of 5 stars,A gorgeous non-Chiniese phone.
"Samsung Galaxy M01 (Black, 3GB RAM, 32GB Storage) with No Cost EMI/Additional Exchange Offers","₹ 7,999.00",1.0 out of 5 stars,Cheated by Amazon
"Samsung Galaxy M31 (Space Black, 6GB RAM, 128GB Storage) - Get Rs 1,000 Amazon Pay cashback on prepaid orders. Limited Period offer","₹ 16,499.00",2.0 out of 5 stars,Samsung it's not fair .
"Samsung Galaxy M31 (Space Black, 6GB RAM, 128GB Storage) - Get Rs 1,000 Amazon Pay cashback on prepaid orders. Limited Period offer","₹ 16,499.00",1.0 out of 5 stars,Worst phone
"Samsung Galaxy M31 (Space Black, 6GB RAM, 128GB Storage) - Get Rs 1,000 Amazon Pay cashback on prepaid orders. Limited Period offer","₹ 16,499.00",3.0 out of 5 stars,Bad Product by Samsung
"(Renewed) Samsung Galaxy M21 (Midnight Blue, 6GB RAM, 128GB Storage)",,4.0 out of 5 stars,BATTERY BACKUP
"(Renewed) Samsung Galaxy M21 (Midnight Blue, 6GB RAM, 128GB Storage)",,1.0 out of 5 stars,i want to retan this product
"(Renewed) Samsung Galaxy M21 (Midnight Blue, 6GB RAM, 128GB Storage)",,1.0 out of 5 stars,Don't Buy
"(Renewed) Samsung Galaxy M21 (Midnight Blue, 6GB RAM, 128GB Storage)",,1.0 out of 5 stars,Waste of money
"Samsung Galaxy M31 (Space Black, 6GB RAM, 64GB Storage) - Get Rs 1,000 Amazon Pay cashback on prepaid orders. Limited Period offer","₹ 15,499.00",1.0 out of 5 stars,"False ads, poor camera quality, inefficient battery management"
"Samsung Galaxy M31 (Space Black, 6GB RAM, 64GB Storage) - Get Rs 1,000 Amazon Pay cashback on prepaid orders. Limited Period offer","₹ 15,499.00",1.0 out of 5 stars,Inferior quality and built
"Samsung Galaxy M11 (Black, 4GB RAM, 64GB Storage) with No Cost EMI/Additional Exchange Offers","₹ 11,499.00",5.0 out of 5 stars,Galaxy m series is superrr
"Samsung Galaxy M11 (Black, 4GB RAM, 64GB Storage) with No Cost EMI/Additional Exchange Offers","₹ 11,499.00",4.0 out of 5 stars,2.5 star out of 5
"Samsung Galaxy M11 (Black, 4GB RAM, 64GB Storage) with No Cost EMI/Additional Exchange Offers","₹ 11,499.00",1.0 out of 5 stars,WARNING !!!
"Samsung Galaxy M31 (Space Black, 6GB RAM, 64GB Storage) - Get Rs 1,000 Amazon Pay cashback on prepaid orders. Limited Period offer","₹ 15,499.00",1.0 out of 5 stars,Serious Issue
"Samsung Galaxy M11 (Black, 4GB RAM, 64GB Storage) with No Cost EMI/Additional Exchange Offers","₹ 11,499.00",5.0 out of 5 stars,First impression is awesome. Worth of amount money paid. Best in mid range budget
"Samsung Galaxy M31 (Space Black, 6GB RAM, 64GB Storage) - Get Rs 1,000 Amazon Pay cashback on prepaid orders. Limited Period offer","₹ 15,499.00",1.0 out of 5 stars,Not good at alll
"Samsung Galaxy M31 (Space Black, 6GB RAM, 64GB Storage) - Get Rs 1,000 Amazon Pay cashback on prepaid orders. Limited Period offer","₹ 15,499.00",2.0 out of 5 stars,Samsung it's not fair .
"Samsung Galaxy M31 (Space Black, 6GB RAM, 64GB Storage) - Get Rs 1,000 Amazon Pay cashback on prepaid orders. Limited Period offer","₹ 15,499.00",1.0 out of 5 stars,Worst phone
"Samsung Galaxy M31 (Space Black, 6GB RAM, 64GB Storage) - Get Rs 1,000 Amazon Pay cashback on prepaid orders. Limited Period offer","₹ 15,499.00",3.0 out of 5 stars,Bad Product by Samsung
"Samsung Galaxy M11 (Black, 4GB RAM, 64GB Storage) with No Cost EMI/Additional Exchange Offers","₹ 11,499.00",5.0 out of 5 stars,All over phone is good after all can buy
"Samsung Galaxy M11 (Black, 4GB RAM, 64GB Storage) with No Cost EMI/Additional Exchange Offers","₹ 11,499.00",1.0 out of 5 stars,Not satisfied with this cost this product is hang many time
"Samsung Galaxy M01 Core (Red, 2GB RAM, 32GB Storage) with No Cost EMI/Additional Exchange Offers","₹ 5,999.00",4.0 out of 5 stars,#samsunghitsbullseye
"Samsung Galaxy M01 Core (Red, 2GB RAM, 32GB Storage) with No Cost EMI/Additional Exchange Offers","₹ 5,999.00",5.0 out of 5 stars,Best smartphone at ₹5500
"Samsung Galaxy M01 Core (Red, 2GB RAM, 32GB Storage) with No Cost EMI/Additional Exchange Offers","₹ 5,999.00",5.0 out of 5 stars,sell more this product
"Samsung Galaxy M01 Core (Red, 2GB RAM, 32GB Storage) with No Cost EMI/Additional Exchange Offers","₹ 5,999.00",1.0 out of 5 stars,Don't buy this phone
"Samsung Galaxy M01 Core (Red, 2GB RAM, 32GB Storage) with No Cost EMI/Additional Exchange Offers","₹ 5,999.00",1.0 out of 5 stars,Phone went dead within 10 minutes of delivery
"Samsung Galaxy M01 Core (Red, 2GB RAM, 32GB Storage) with No Cost EMI/Additional Exchange Offers","₹ 5,999.00",4.0 out of 5 stars,Very good smart phone
"Samsung Galaxy M01 Core (Red, 2GB RAM, 32GB Storage) with No Cost EMI/Additional Exchange Offers","₹ 5,999.00",1.0 out of 5 stars,Go for any phone but not this if u don't want to regret wasting ur money
"Samsung Galaxy M01 Core (Red, 2GB RAM, 32GB Storage) with No Cost EMI/Additional Exchange Offers","₹ 5,999.00",3.0 out of 5 stars,Don't expect much.....
"Samsung Galaxy M01 Core (Red, 2GB RAM, 32GB Storage) with No Cost EMI/Additional Exchange Offers","₹ 5,999.00",5.0 out of 5 stars,"Samsung Galaxy M01 Core (Blue, 2GB RAM, 32GB)-A Cute Phone with Latest Android 10 and Crisp Display"
"Samsung Galaxy M01 Core (Red, 2GB RAM, 32GB Storage) with No Cost EMI/Additional Exchange Offers","₹ 5,999.00",5.0 out of 5 stars,5 Star Phone In this Price of 6499 .
product,price,rating,review_title
"Samsung Galaxy M21 (Midnight Blue, 4GB RAM, 64GB Storage)","₹ 12,499.00",4.0 out of 5 stars,Value For Money !! Go for it
"Samsung Galaxy M21 (Midnight Blue, 4GB RAM, 64GB Storage)","₹ 12,499.00",5.0 out of 5 stars,❤️❤️❤️❤️
"Samsung Galaxy M21 (Midnight Blue, 4GB RAM, 64GB Storage)","₹ 12,499.00",5.0 out of 5 stars,Best Budget Phone In India
"Samsung Galaxy M21 (Midnight Blue, 4GB RAM, 64GB Storage)","₹ 12,499.00",1.0 out of 5 stars,Feeling cheated
"Samsung Galaxy M21 (Midnight Blue, 4GB RAM, 64GB Storage)","₹ 12,499.00",3.0 out of 5 stars,Battery life is not upto mark
"Samsung Galaxy M21 (Midnight Blue, 4GB RAM, 64GB Storage)","₹ 12,499.00",1.0 out of 5 stars,Worst product at 15000 Rs. Price
"Samsung Galaxy M21 (Midnight Blue, 4GB RAM, 64GB Storage)","₹ 12,499.00",5.0 out of 5 stars,Worth it (Non gamer review)
"Samsung Galaxy M21 (Midnight Blue, 4GB RAM, 64GB Storage)","₹ 12,499.00",5.0 out of 5 stars,Very Nice
"Samsung Galaxy M21 (Midnight Blue, 4GB RAM, 64GB Storage)","₹ 12,499.00",2.0 out of 5 stars,नाम बड़े और दर्शन छोटे ...
"Samsung Galaxy M21 (Midnight Blue, 4GB RAM, 64GB Storage)","₹ 12,499.00",1.0 out of 5 stars,Heating issue
"OPPO A15 (Mystery Blue, 3GB RAM, 32GB Storage)","₹ 9,990.00",5.0 out of 5 stars,Camera is good
"Nokia 5.3 Android One Smartphone with Quad Camera, 6 GB RAM and 64 GB Storage - Charcoal","₹ 13,999.00",3.0 out of 5 stars,Overall
"Nokia 5.3 Android One Smartphone with Quad Camera, 6 GB RAM and 64 GB Storage - Charcoal","₹ 13,999.00",5.0 out of 5 stars,Awesome build quality - Android One!
"Nokia 5.3 Android One Smartphone with Quad Camera, 6 GB RAM and 64 GB Storage - Charcoal","₹ 13,999.00",5.0 out of 5 stars,Nokia mania.......
"Nokia 5.3 Android One Smartphone with Quad Camera, 6 GB RAM and 64 GB Storage - Charcoal","₹ 13,999.00",5.0 out of 5 stars,"Beautiful phone, full review"
"Nokia 5.3 Android One Smartphone with Quad Camera, 6 GB RAM and 64 GB Storage - Charcoal","₹ 13,999.00",5.0 out of 5 stars,Nokia 5.3 - Android One
"Nokia 5.3 Android One Smartphone with Quad Camera, 6 GB RAM and 64 GB Storage - Charcoal","₹ 13,999.00",5.0 out of 5 stars,Nokia 🖤
"Nokia 5.3 Android One Smartphone with Quad Camera, 6 GB RAM and 64 GB Storage - Charcoal","₹ 13,999.00",5.0 out of 5 stars,Beautiful Nokia design
"Nokia 5.3 Android One Smartphone with Quad Camera, 6 GB RAM and 64 GB Storage - Charcoal","₹ 13,999.00",4.0 out of 5 stars,Nokia 5.3 - A 1080p display would've made it more likeable.
"Nokia 5.3 Android One Smartphone with Quad Camera, 6 GB RAM and 64 GB Storage - Charcoal","₹ 13,999.00",5.0 out of 5 stars,Name stands for its quality
"Samsung Galaxy M01 (Black, 3GB RAM, 32GB Storage) with No Cost EMI/Additional Exchange Offers","₹ 7,999.00",1.0 out of 5 stars,Very chipper quality
"Nokia 5.3 Android One Smartphone with Quad Camera, 6 GB RAM and 64 GB Storage - Charcoal","₹ 13,999.00",4.0 out of 5 stars,Should've given a 1080p display
"Samsung Galaxy M01 (Black, 3GB RAM, 32GB Storage) with No Cost EMI/Additional Exchange Offers","₹ 7,999.00",5.0 out of 5 stars,Most practical phone in this price...less radiation..Handy...
"Samsung Galaxy M01 (Black, 3GB RAM, 32GB Storage) with No Cost EMI/Additional Exchange Offers","₹ 7,999.00",4.0 out of 5 stars,Like this phone
"Samsung Galaxy M01 (Black, 3GB RAM, 32GB Storage) with No Cost EMI/Additional Exchange Offers","₹ 7,999.00",4.0 out of 5 stars,Perfect Size.
"Samsung Galaxy M01 (Black, 3GB RAM, 32GB Storage) with No Cost EMI/Additional Exchange Offers","₹ 7,999.00",4.0 out of 5 stars,Good for average use and good option in no Chinese mobile
"Samsung Galaxy M01 (Black, 3GB RAM, 32GB Storage) with No Cost EMI/Additional Exchange Offers","₹ 7,999.00",5.0 out of 5 stars,Best smart phone normal usage
"Samsung Galaxy M31 (Space Black, 6GB RAM, 64GB Storage) - Get Rs 1,000 Amazon Pay cashback on prepaid orders. Limited Period offer","₹ 15,499.00",5.0 out of 5 stars,Best Value for Money in this Range. Go for it without any doubt.
"Samsung Galaxy M01 (Black, 3GB RAM, 32GB Storage) with No Cost EMI/Additional Exchange Offers","₹ 7,999.00",4.0 out of 5 stars,Good Phone at 9k
"Samsung Galaxy M01 (Black, 3GB RAM, 32GB Storage) with No Cost EMI/Additional Exchange Offers","₹ 7,999.00",1.0 out of 5 stars,Waste of money
"Samsung Galaxy M01 (Black, 3GB RAM, 32GB Storage) with No Cost EMI/Additional Exchange Offers","₹ 7,999.00",5.0 out of 5 stars,Brand is Brand
"Samsung Galaxy M31 (Space Black, 6GB RAM, 64GB Storage) - Get Rs 1,000 Amazon Pay cashback on prepaid orders. Limited Period offer","₹ 15,499.00",5.0 out of 5 stars,Samsung m31 all rounder  best mobile.
"Samsung Galaxy M31 (Space Black, 6GB RAM, 64GB Storage) - Get Rs 1,000 Amazon Pay cashback on prepaid orders. Limited Period offer","₹ 15,499.00",1.0 out of 5 stars,Poor camera
"Samsung Galaxy M31 (Space Black, 6GB RAM, 64GB Storage) - Get Rs 1,000 Amazon Pay cashback on prepaid orders. Limited Period offer","₹ 15,499.00",1.0 out of 5 stars,"False ads, poor camera quality, inefficient battery management"
"Samsung Galaxy M01 (Black, 3GB RAM, 32GB Storage) with No Cost EMI/Additional Exchange Offers","₹ 7,999.00",1.0 out of 5 stars,Cheated by Amazon
"Samsung Galaxy M31 (Space Black, 6GB RAM, 64GB Storage) - Get Rs 1,000 Amazon Pay cashback on prepaid orders. Limited Period offer","₹ 15,499.00",1.0 out of 5 stars,Inferior quality and built
"Samsung Galaxy M31 (Space Black, 6GB RAM, 64GB Storage) - Get Rs 1,000 Amazon Pay cashback on prepaid orders. Limited Period offer","₹ 15,499.00",1.0 out of 5 stars,Serious Issue
"Samsung Galaxy M31 (Space Black, 6GB RAM, 64GB Storage) - Get Rs 1,000 Amazon Pay cashback on prepaid orders. Limited Period offer","₹ 15,499.00",1.0 out of 5 stars,Not good at alll
"Samsung Galaxy M31 (Space Black, 6GB RAM, 64GB Storage) - Get Rs 1,000 Amazon Pay cashback on prepaid orders. Limited Period offer","₹ 15,499.00",2.0 out of 5 stars,Samsung it's not fair .
"Samsung Galaxy M31 (Space Black, 6GB RAM, 64GB Storage) - Get Rs 1,000 Amazon Pay cashback on prepaid orders. Limited Period offer","₹ 15,499.00",1.0 out of 5 stars,Worst phone
"Samsung Galaxy M31 (Space Black, 6GB RAM, 64GB Storage) - Get Rs 1,000 Amazon Pay cashback on prepaid orders. Limited Period offer","₹ 15,499.00",3.0 out of 5 stars,Bad Product by Samsung
"Samsung Galaxy M11 (Black, 4GB RAM, 64GB Storage) with No Cost EMI/Additional Exchange Offers","₹ 11,499.00",3.0 out of 5 stars,Just OK
"Samsung Galaxy M11 (Black, 4GB RAM, 64GB Storage) with No Cost EMI/Additional Exchange Offers","₹ 11,499.00",1.0 out of 5 stars,Not up to the mark
"Samsung Galaxy M11 (Black, 4GB RAM, 64GB Storage) with No Cost EMI/Additional Exchange Offers","₹ 11,499.00",5.0 out of 5 stars,Innovation and Creativity.
"OPPO A15 (Dynamic Black, 3GB RAM, 32GB Storage)","₹ 9,990.00",5.0 out of 5 stars,Very Strong Hardware and Nice Design
"Samsung Galaxy M11 (Black, 4GB RAM, 64GB Storage) with No Cost EMI/Additional Exchange Offers","₹ 11,499.00",5.0 out of 5 stars,A gorgeous non-Chiniese phone.
"Samsung Galaxy M11 (Black, 4GB RAM, 64GB Storage) with No Cost EMI/Additional Exchange Offers","₹ 11,499.00",5.0 out of 5 stars,Galaxy m series is superrr
"Samsung Galaxy M11 (Black, 4GB RAM, 64GB Storage) with No Cost EMI/Additional Exchange Offers","₹ 11,499.00",4.0 out of 5 stars,2.5 star out of 5
"Samsung Galaxy M11 (Black, 4GB RAM, 64GB Storage) with No Cost EMI/Additional Exchange Offers","₹ 11,499.00",1.0 out of 5 stars,WARNING !!!
"Samsung Galaxy M11 (Black, 4GB RAM, 64GB Storage) with No Cost EMI/Additional Exchange Offers","₹ 11,499.00",5.0 out of 5 stars,First impression is awesome. Worth of amount money paid. Best in mid range budget
"Samsung Galaxy M11 (Black, 4GB RAM, 64GB Storage) with No Cost EMI/Additional Exchange Offers","₹ 11,499.00",5.0 out of 5 stars,All over phone is good after all can buy
"Samsung Galaxy M11 (Black, 4GB RAM, 64GB Storage) with No Cost EMI/Additional Exchange Offers","₹ 11,499.00",1.0 out of 5 stars,Not satisfied with this cost this product is hang many time
"Samsung Galaxy Z Flip, 256GB (Mirror Black)",,1.0 out of 5 stars,Dont buy
"Samsung Galaxy Z Flip, 256GB (Mirror Black)",,1.0 out of 5 stars,Terrible concept
"Samsung Galaxy Z Flip, 256GB (Mirror Black)",,5.0 out of 5 stars,Goo
"Samsung Galaxy Z Flip, 256GB (Mirror Black)",,5.0 out of 5 stars,Camera ispic are very good
